<?xml version="1.0" encoding="utf-8" standalone="yes"?><w:document xmlns:wpc="http://schemas.microsoft.com/office/word/2010/wordprocessingCanvas" xmlns:cx="http://schemas.microsoft.com/office/drawing/2014/chartex" xmlns:cx1="http://schemas.microsoft.com/office/drawing/2015/9/8/chartex" xmlns:cx2="http://schemas.microsoft.com/office/drawing/2015/10/21/chartex" xmlns:cx3="http://schemas.microsoft.com/office/drawing/2016/5/9/chartex" xmlns:cx4="http://schemas.microsoft.com/office/drawing/2016/5/10/chartex" xmlns:cx5="http://schemas.microsoft.com/office/drawing/2016/5/11/chartex" xmlns:mc="http://schemas.openxmlformats.org/markup-compatibility/2006" xmlns:o="urn:schemas-microsoft-com:office:office" xmlns:r="http://schemas.openxmlformats.org/officeDocument/2006/relationships" xmlns:m="http://schemas.openxmlformats.org/officeDocument/2006/math" xmlns:v="urn:schemas-microsoft-com:vml" xmlns:wp14="http://schemas.microsoft.com/office/word/2010/wordprocessingDrawing" xmlns:wp="http://schemas.openxmlformats.org/drawingml/2006/wordprocessingDrawing" xmlns:w10="urn:schemas-microsoft-com:office:word" xmlns:w="http://schemas.openxmlformats.org/wordprocessingml/2006/main" xmlns:w14="http://schemas.microsoft.com/office/word/2010/wordml" xmlns:w15="http://schemas.microsoft.com/office/word/2012/wordml" xmlns:wne="http://schemas.microsoft.com/office/word/2006/wordml" xmlns:wpg="http://schemas.microsoft.com/office/word/2010/wordprocessingGroup" xmlns:wpi="http://schemas.microsoft.com/office/word/2010/wordprocessingInk" xmlns:wps="http://schemas.microsoft.com/office/word/2010/wordprocessingShape" mc:Ignorable="w14 w15 wp14"><!-- Generated by Aspose.Words for .NET 21.11.0 --><w:body><w:p w:rsidR="005D0FF9" w:rsidP="005D0FF9"><w:r><w:t>First and Last Name</w:t></w:r><w:r><w:tab /><w:t>SSN</w:t></w:r><w:r><w:tab /><w:t>Credit Card Number</w:t></w:r><w:r><w:tab /><w:t>First and Last Name</w:t></w:r><w:r><w:tab /><w:t>SSN</w:t></w:r><w:r><w:tab /><w:t>Credit Card Number</w:t></w:r><w:r><w:tab /><w:t>First and Last Name</w:t></w:r><w:r><w:tab /><w:t>SSN</w:t></w:r><w:r><w:tab /><w:t>Credit Card Number</w:t></w:r><w:r><w:tab /><w:t>First and Last Name</w:t></w:r><w:r><w:tab /><w:t>SSN</w:t></w:r><w:r><w:tab /><w:t>Credit Card Number</w:t></w:r><w:r><w:tab /><w:t>First and Last Name</w:t></w:r><w:r><w:tab /><w:t>SSN</w:t></w:r><w:r><w:tab /><w:t>Credit Card Number</w:t></w:r><w:r><w:tab /><w:t>First and Last Name</w:t></w:r><w:r><w:tab /><w:t>SSN</w:t></w:r><w:r><w:tab /><w:t>Credit Card Number</w:t></w:r></w:p><w:p w:rsidR="005D0FF9" w:rsidP="005D0FF9"><w:r><w:tab /></w:r><w:r><w:tab /><w:t>Visa MC AMEX</w:t></w:r><w:r><w:tab /></w:r><w:r><w:tab /></w:r><w:r><w:tab /><w:t>Visa MC AMEX</w:t></w:r><w:r><w:tab /></w:r><w:r><w:tab /></w:r><w:r><w:tab /><w:t>Visa MC AMEX</w:t></w:r><w:r><w:tab /></w:r><w:r><w:tab /></w:r><w:r><w:tab /><w:t>Visa MC AMEX</w:t></w:r><w:r><w:tab /></w:r><w:r><w:tab /></w:r><w:r><w:tab /><w:t>Visa MC AMEX</w:t></w:r><w:r><w:tab /></w:r><w:r><w:tab /></w:r><w:r><w:tab /><w:t>Visa MC AMEX</w:t></w:r></w:p><w:p w:rsidR="005D0FF9" w:rsidP="005D0FF9"><w:r><w:t>Robert Aragon</w:t></w:r><w:r><w:tab /><w:t>███████████</w:t></w:r><w:r><w:tab /><w:t>4929-3813-3266-4295</w:t></w:r><w:r><w:tab /><w:t>Robert Aragon</w:t></w:r><w:r><w:tab /><w:t>███████████</w:t></w:r><w:r><w:tab /><w:t>4929-3813-3266-4296</w:t></w:r><w:r><w:tab /><w:t>Robert Aragon</w:t></w:r><w:r><w:tab /><w:t>███████████</w:t></w:r><w:r><w:tab /><w:t>4929-3813-3266-4297</w:t></w:r><w:r><w:tab /><w:t>Robert Aragon</w:t></w:r><w:r><w:tab /><w:t>███████████</w:t></w:r><w:r><w:tab /><w:t>4929-3813-3266-4298</w:t></w:r><w:r><w:tab /><w:t>Robert Aragon</w:t></w:r><w:r><w:tab /><w:t>███████████</w:t></w:r><w:r><w:tab /><w:t>4929-3813-3266-4299</w:t></w:r><w:r><w:tab /><w:t>Robert Aragon</w:t></w:r><w:r><w:tab /><w:t>███████████</w:t></w:r><w:r><w:tab /><w:t>4929-3813-3266-4300</w:t></w:r></w:p><w:p w:rsidR="005D0FF9" w:rsidP="005D0FF9"><w:r><w:t>Ashley Borden</w:t></w:r><w:r><w:tab /><w:t>███████████</w:t></w:r><w:r><w:tab /><w:t>5370-4638-8881-3020</w:t></w:r><w:r><w:tab /><w:t>Ashley Borden</w:t></w:r><w:r><w:tab /><w:t>███████████</w:t></w:r><w:r><w:tab /><w:t>5370-4638-8881-3021</w:t></w:r><w:r><w:tab /><w:t>Ashley Borden</w:t></w:r><w:r><w:tab /><w:t>███████████</w:t></w:r><w:r><w:tab /><w:t>5370-4638-8881-3022</w:t></w:r><w:r><w:tab /><w:t>Ashley Borden</w:t></w:r><w:r><w:tab /><w:t>███████████</w:t></w:r><w:r><w:tab /><w:t>5370-4638-8881-3023</w:t></w:r><w:r><w:tab /><w:t>Ashley Borden</w:t></w:r><w:r><w:tab /><w:t>███████████</w:t></w:r><w:r><w:tab /><w:t>5370-4638-8881-3024</w:t></w:r><w:r><w:tab /><w:t>Ashley Borden</w:t></w:r><w:r><w:tab /><w:t>███████████</w:t></w:r><w:r><w:tab /><w:t>5370-4638-8881-3025</w:t></w:r></w:p><w:p w:rsidR="005D0FF9" w:rsidP="005D0FF9"><w:r><w:t>Thomas Conley</w:t></w:r><w:r><w:tab /><w:t>███████████</w:t></w:r><w:r><w:tab /><w:t>4916-4811-5814-8111</w:t></w:r><w:r><w:tab /><w:t>Thomas Conley</w:t></w:r><w:r><w:tab /><w:t>███████████</w:t></w:r><w:r><w:tab /><w:t>4916-4811-5814-8112</w:t></w:r><w:r><w:tab /><w:t>Thomas Conley</w:t></w:r><w:r><w:tab /><w:t>███████████</w:t></w:r><w:r><w:tab /><w:t>4916-4811-5814-8113</w:t></w:r><w:r><w:tab /><w:t>Thomas Conley</w:t></w:r><w:r><w:tab /><w:t>███████████</w:t></w:r><w:r><w:tab /><w:t>4916-4811-5814-8114</w:t></w:r><w:r><w:tab /><w:t>Thomas Conley</w:t></w:r><w:r><w:tab /><w:t>███████████</w:t></w:r><w:r><w:tab /><w:t>4916-4811-5814-8115</w:t></w:r><w:r><w:tab /><w:t>Thomas Conley</w:t></w:r><w:r><w:tab /><w:t>███████████</w:t></w:r><w:r><w:tab /><w:t>4916-4811-5814-8116</w:t></w:r></w:p><w:p w:rsidR="005D0FF9" w:rsidP="005D0FF9"><w:r><w:t>Susan Davis</w:t></w:r><w:r><w:tab /><w:t>███████████</w:t></w:r><w:r><w:tab /><w:t>4916-4034-9269-8783</w:t></w:r><w:r><w:tab /><w:t>Susan Davis</w:t></w:r><w:r><w:tab /><w:t>███████████</w:t></w:r><w:r><w:tab /><w:t>4916-4034-9269-8784</w:t></w:r><w:r><w:tab /><w:t>Susan Davis</w:t></w:r><w:r><w:tab /><w:t>███████████</w:t></w:r><w:r><w:tab /><w:t>4916-4034-9269-8785</w:t></w:r><w:r><w:tab /><w:t>Susan Davis</w:t></w:r><w:r><w:tab /><w:t>███████████</w:t></w:r><w:r><w:tab /><w:t>4916-4034-9269-8786</w:t></w:r><w:r><w:tab /><w:t>Susan Davis</w:t></w:r><w:r><w:tab /><w:t>███████████</w:t></w:r><w:r><w:tab /><w:t>4916-4034-9269-8787</w:t></w:r><w:r><w:tab /><w:t>Susan Davis</w:t></w:r><w:r><w:tab /><w:t>███████████</w:t></w:r><w:r><w:tab /><w:t>4916-4034-9269-8788</w:t></w:r></w:p><w:p w:rsidR="005D0FF9" w:rsidP="005D0FF9"><w:r><w:t>Christopher Diaz</w:t></w:r><w:r><w:tab /><w:t>███████████</w:t></w:r><w:r><w:tab /><w:t>5299-1561-5689-1938</w:t></w:r><w:r><w:tab /><w:t>Christopher Diaz</w:t></w:r><w:r><w:tab /><w:t>███████████</w:t></w:r><w:r><w:tab /><w:t>5299-1561-5689-1939</w:t></w:r><w:r><w:tab /><w:t>Christopher Diaz</w:t></w:r><w:r><w:tab /><w:t>███████████</w:t></w:r><w:r><w:tab /><w:t>5299-1561-5689-1940</w:t></w:r><w:r><w:tab /><w:t>Christopher Diaz</w:t></w:r><w:r><w:tab /><w:t>███████████</w:t></w:r><w:r><w:tab /><w:t>5299-1561-5689-1941</w:t></w:r><w:r><w:tab /><w:t>Christopher Diaz</w:t></w:r><w:r><w:tab /><w:t>███████████</w:t></w:r><w:r><w:tab /><w:t>5299-1561-5689-1942</w:t></w:r><w:r><w:tab /><w:t>Christopher Diaz</w:t></w:r><w:r><w:tab /><w:t>███████████</w:t></w:r><w:r><w:tab /><w:t>5299-1561-5689-1943</w:t></w:r></w:p><w:p w:rsidR="005D0FF9" w:rsidP="005D0FF9"><w:r><w:t>Rick Edwards</w:t></w:r><w:r><w:tab /><w:t>███████████</w:t></w:r><w:r><w:tab /><w:t>5293-8502-0071-3058</w:t></w:r><w:r><w:tab /><w:t>Rick Edwards</w:t></w:r><w:r><w:tab /><w:t>███████████</w:t></w:r><w:r><w:tab /><w:t>5293-8502-0071-3059</w:t></w:r><w:r><w:tab /><w:t>Rick Edwards</w:t></w:r><w:r><w:tab /><w:t>███████████</w:t></w:r><w:r><w:tab /><w:t>5293-8502-0071-3060</w:t></w:r><w:r><w:tab /><w:t>Rick Edwards</w:t></w:r><w:r><w:tab /><w:t>███████████</w:t></w:r><w:r><w:tab /><w:t>5293-8502-0071-3061</w:t></w:r><w:r><w:tab /><w:t>Rick Edwards</w:t></w:r><w:r><w:tab /><w:t>███████████</w:t></w:r><w:r><w:tab /><w:t>5293-8502-0071-3062</w:t></w:r><w:r><w:tab /><w:t>Rick Edwards</w:t></w:r><w:r><w:tab /><w:t>███████████</w:t></w:r><w:r><w:tab /><w:t>5293-8502-0071-3063</w:t></w:r></w:p><w:p w:rsidR="005D0FF9" w:rsidP="005D0FF9"><w:r><w:t>Victor Faulkner</w:t></w:r><w:r><w:tab /><w:t>███████████</w:t></w:r><w:r><w:tab /><w:t>5548-0246-6336-5664</w:t></w:r><w:r><w:tab /><w:t>Victor Faulkner</w:t></w:r><w:r><w:tab /><w:t>███████████</w:t></w:r><w:r><w:tab /><w:t>5548-0246-6336-5665</w:t></w:r><w:r><w:tab /><w:t>Victor Faulkner</w:t></w:r><w:r><w:tab /><w:t>███████████</w:t></w:r><w:r><w:tab /><w:t>5548-0246-6336-5666</w:t></w:r><w:r><w:tab /><w:t>Victor Faulkner</w:t></w:r><w:r><w:tab /><w:t>███████████</w:t></w:r><w:r><w:tab /><w:t>5548-0246-6336-5667</w:t></w:r><w:r><w:tab /><w:t>Victor Faulkner</w:t></w:r><w:r><w:tab /><w:t>███████████</w:t></w:r><w:r><w:tab /><w:t>5548-0246-6336-5668</w:t></w:r><w:r><w:tab /><w:t>Victor Faulkner</w:t></w:r><w:r><w:tab /><w:t>███████████</w:t></w:r><w:r><w:tab /><w:t>5548-0246-6336-5669</w:t></w:r></w:p><w:p w:rsidR="005D0FF9" w:rsidP="005D0FF9"><w:r><w:t>Lisa Garrison</w:t></w:r><w:r><w:tab /><w:t>███████████</w:t></w:r><w:r><w:tab /><w:t>4539-5385-7425-5825</w:t></w:r><w:r><w:tab /><w:t>Lisa Garrison</w:t></w:r><w:r><w:tab /><w:t>███████████</w:t></w:r><w:r><w:tab /><w:t>4539-5385-7425-5826</w:t></w:r><w:r><w:tab /><w:t>Lisa Garrison</w:t></w:r><w:r><w:tab /><w:t>███████████</w:t></w:r><w:r><w:tab /><w:t>4539-5385-7425-5827</w:t></w:r><w:r><w:tab /><w:t>Lisa Garrison</w:t></w:r><w:r><w:tab /><w:t>███████████</w:t></w:r><w:r><w:tab /><w:t>4539-5385-7425-5828</w:t></w:r><w:r><w:tab /><w:t>Lisa Garrison</w:t></w:r><w:r><w:tab /><w:t>███████████</w:t></w:r><w:r><w:tab /><w:t>4539-5385-7425-5829</w:t></w:r><w:r><w:tab /><w:t>Lisa Garrison</w:t></w:r><w:r><w:tab /><w:t>███████████</w:t></w:r><w:r><w:tab /><w:t>4539-5385-7425-5830</w:t></w:r></w:p><w:p w:rsidR="005D0FF9" w:rsidP="005D0FF9" /><w:p w:rsidR="005D0FF9" w:rsidP="005D0FF9" /><w:p w:rsidR="005D0FF9" w:rsidP="005D0FF9" /><w:p w:rsidR="005D0FF9" w:rsidP="005D0FF9" /><w:p w:rsidR="005D0FF9" w:rsidP="005D0FF9"><w:r><w:rPr><w:noProof /></w:rPr><w:drawing><wp:inline distT="0" distB="0" distL="0" distR="0"><wp:extent cx="5943600" cy="5943600" /><wp:effectExtent l="0" t="0" r="0" b="0" /><wp:docPr id="4" name="Picture 4" descr="http://www.eliteprospectzone.com/files/test-dates.jpg" /><wp:cNvGraphicFramePr><a:graphicFrameLocks xmlns:a="http://schemas.openxmlformats.org/drawingml/2006/main" noChangeAspect="1" /></wp:cNvGraphicFramePr><a:graphic xmlns:a="http://schemas.openxmlformats.org/drawingml/2006/main"><a:graphicData uri="http://schemas.openxmlformats.org/drawingml/2006/picture"><pic:pic xmlns:pic="http://schemas.openxmlformats.org/drawingml/2006/picture"><pic:nvPicPr><pic:cNvPr id="4" name="Picture 6" descr="http://www.eliteprospectzone.com/files/test-dates.jpg" /><pic:cNvPicPr><a:picLocks noChangeAspect="1" noChangeArrowheads="1" /></pic:cNvPicPr></pic:nvPicPr><pic:blipFill><a:blip r:embed="rId4" xmlns:r="http://schemas.openxmlformats.org/officeDocument/2006/relationships"><a:extLst><a:ext uri="{28A0092B-C50C-407E-A947-70E740481C1C}" xmlns:a="http://schemas.openxmlformats.org/drawingml/2006/main"><a14:useLocalDpi xmlns:a14="http://schemas.microsoft.com/office/drawing/2010/main" val="0" /></a:ext></a:extLst></a:blip><a:stretch><a:fillRect /></a:stretch></pic:blipFill><pic:spPr bwMode="auto"><a:xfrm><a:off x="0" y="0" /><a:ext cx="5943600" cy="5943600" /></a:xfrm><a:prstGeom prst="rect"><a:avLst /></a:prstGeom><a:noFill /><a:ln><a:noFill /></a:ln></pic:spPr></pic:pic></a:graphicData></a:graphic></wp:inline></w:drawing></w:r></w:p><w:p w:rsidR="005D0FF9" w:rsidP="005D0FF9"><w:r><w:rPr><w:noProof /></w:rPr><w:drawing><wp:inline distT="0" distB="0" distL="0" distR="0"><wp:extent cx="5943600" cy="5943600" /><wp:effectExtent l="0" t="0" r="0" b="0" /><wp:docPr id="3" name="Picture 3" descr="https://upload.wikimedia.org/wikipedia/commons/thumb/e/ec/Raven_Matrix.svg/2000px-Raven_Matrix.svg.png" /><wp:cNvGraphicFramePr><a:graphicFrameLocks xmlns:a="http://schemas.openxmlformats.org/drawingml/2006/main" noChangeAspect="1" /></wp:cNvGraphicFramePr><a:graphic xmlns:a="http://schemas.openxmlformats.org/drawingml/2006/main"><a:graphicData uri="http://schemas.openxmlformats.org/drawingml/2006/picture"><pic:pic xmlns:pic="http://schemas.openxmlformats.org/drawingml/2006/picture"><pic:nvPicPr><pic:cNvPr id="3" name="Picture 7" descr="https://upload.wikimedia.org/wikipedia/commons/thumb/e/ec/Raven_Matrix.svg/2000px-Raven_Matrix.svg.png" /><pic:cNvPicPr><a:picLocks noChangeAspect="1" noChangeArrowheads="1" /></pic:cNvPicPr></pic:nvPicPr><pic:blipFill><a:blip r:embed="rId5" cstate="print" xmlns:r="http://schemas.openxmlformats.org/officeDocument/2006/relationships"><a:extLst><a:ext uri="{28A0092B-C50C-407E-A947-70E740481C1C}" xmlns:a="http://schemas.openxmlformats.org/drawingml/2006/main"><a14:useLocalDpi xmlns:a14="http://schemas.microsoft.com/office/drawing/2010/main" val="0" /></a:ext></a:extLst></a:blip><a:stretch><a:fillRect /></a:stretch></pic:blipFill><pic:spPr bwMode="auto"><a:xfrm><a:off x="0" y="0" /><a:ext cx="5943600" cy="5943600" /></a:xfrm><a:prstGeom prst="rect"><a:avLst /></a:prstGeom><a:noFill /><a:ln><a:noFill /></a:ln></pic:spPr></pic:pic></a:graphicData></a:graphic></wp:inline></w:drawing></w:r></w:p><w:p w:rsidR="005D0FF9" w:rsidP="005D0FF9"><w:r><w:rPr><w:noProof /></w:rPr><w:drawing><wp:inline distT="0" distB="0" distL="0" distR="0"><wp:extent cx="5943600" cy="2419350" /><wp:effectExtent l="0" t="0" r="0" b="0" /><wp:docPr id="2" name="Picture 2" descr="http://www.bealecorner.org/red/test-patterns/Zone720-sine-g22-b.png" /><wp:cNvGraphicFramePr><a:graphicFrameLocks xmlns:a="http://schemas.openxmlformats.org/drawingml/2006/main" noChangeAspect="1" /></wp:cNvGraphicFramePr><a:graphic xmlns:a="http://schemas.openxmlformats.org/drawingml/2006/main"><a:graphicData uri="http://schemas.openxmlformats.org/drawingml/2006/picture"><pic:pic xmlns:pic="http://schemas.openxmlformats.org/drawingml/2006/picture"><pic:nvPicPr><pic:cNvPr id="2" name="Picture 20" descr="http://www.bealecorner.org/red/test-patterns/Zone720-sine-g22-b.png" /><pic:cNvPicPr><a:picLocks noChangeAspect="1" noChangeArrowheads="1" /></pic:cNvPicPr></pic:nvPicPr><pic:blipFill><a:blip r:embed="rId6" xmlns:r="http://schemas.openxmlformats.org/officeDocument/2006/relationships"><a:extLst><a:ext uri="{28A0092B-C50C-407E-A947-70E740481C1C}" xmlns:a="http://schemas.openxmlformats.org/drawingml/2006/main"><a14:useLocalDpi xmlns:a14="http://schemas.microsoft.com/office/drawing/2010/main" val="0" /></a:ext></a:extLst></a:blip><a:stretch><a:fillRect /></a:stretch></pic:blipFill><pic:spPr bwMode="auto"><a:xfrm><a:off x="0" y="0" /><a:ext cx="5943600" cy="2419350" /></a:xfrm><a:prstGeom prst="rect"><a:avLst /></a:prstGeom><a:noFill /><a:ln><a:noFill /></a:ln></pic:spPr></pic:pic></a:graphicData></a:graphic></wp:inline></w:drawing></w:r></w:p><w:p w:rsidR="005D0FF9" w:rsidP="005D0FF9"><w:r><w:rPr><w:noProof /></w:rPr><w:drawing><wp:inline distT="0" distB="0" distL="0" distR="0"><wp:extent cx="5943600" cy="5943600" /><wp:effectExtent l="0" t="0" r="0" b="0" /><wp:docPr id="1" name="Picture 1" descr="https://upload.wikimedia.org/wikipedia/commons/thumb/d/d7/Desktop_computer_clipart_-_Yellow_theme.svg/2000px-Desktop_computer_clipart_-_Yellow_theme.svg.png" /><wp:cNvGraphicFramePr><a:graphicFrameLocks xmlns:a="http://schemas.openxmlformats.org/drawingml/2006/main" noChangeAspect="1" /></wp:cNvGraphicFramePr><a:graphic xmlns:a="http://schemas.openxmlformats.org/drawingml/2006/main"><a:graphicData uri="http://schemas.openxmlformats.org/drawingml/2006/picture"><pic:pic xmlns:pic="http://schemas.openxmlformats.org/drawingml/2006/picture"><pic:nvPicPr><pic:cNvPr id="1" name="Picture 21" descr="https://upload.wikimedia.org/wikipedia/commons/thumb/d/d7/Desktop_computer_clipart_-_Yellow_theme.svg/2000px-Desktop_computer_clipart_-_Yellow_theme.svg.png" /><pic:cNvPicPr><a:picLocks noChangeAspect="1" noChangeArrowheads="1" /></pic:cNvPicPr></pic:nvPicPr><pic:blipFill><a:blip r:embed="rId7" cstate="print" xmlns:r="http://schemas.openxmlformats.org/officeDocument/2006/relationships"><a:extLst><a:ext uri="{28A0092B-C50C-407E-A947-70E740481C1C}" xmlns:a="http://schemas.openxmlformats.org/drawingml/2006/main"><a14:useLocalDpi xmlns:a14="http://schemas.microsoft.com/office/drawing/2010/main" val="0" /></a:ext></a:extLst></a:blip><a:stretch><a:fillRect /></a:stretch></pic:blipFill><pic:spPr bwMode="auto"><a:xfrm><a:off x="0" y="0" /><a:ext cx="5943600" cy="5943600" /></a:xfrm><a:prstGeom prst="rect"><a:avLst /></a:prstGeom><a:noFill /><a:ln><a:noFill /></a:ln></pic:spPr></pic:pic></a:graphicData></a:graphic></wp:inline></w:drawing></w:r></w:p><w:p w:rsidR="005D0FF9" w:rsidP="005D0FF9" /><w:p w:rsidR="00193E3E"><w:bookmarkStart w:id="0" w:name="_GoBack" /><w:bookmarkEnd w:id="0" /></w:p><w:sectPr><w:pgSz w:w="12240" w:h="15840" /><w:pgMar w:top="1440" w:right="1440" w:bottom="1440" w:left="1440" w:header="720" w:footer="720" w:gutter="0" /><w:cols w:space="720" /><w:docGrid w:linePitch="360" /></w:sectPr></w:body></w:document>